Post Title,Comments (as JSON)
"ATLA Rewatch Season 3 Episode 4: ""Sokka's Master""","[
  {
    ""username"": ""anongamer77"",
    ""comment"": ""\""Look at Katara's hair, what's up with that?\""\n\nNice going Aang""
  },
  {
    ""username"": ""moosevmouse"",
    ""comment"": ""This episode is such an underrated gem. Sokka is the backbone of the Gaang and is constantly pushing himself to be half as valuable as the others 'inherently' are as benders.\n\nThis episode is beautiful and sad and poignant. What does it feel like to be the worst at something? To be the weak link? (Even if you aren't) It is a tremendous weight to carry around for anyone, let alone a teenager. In this episode he finds the strength and value that he had all along-- and the group finds it too. He is not just Sokka: the meat and sarcasm guy, but, rather, the brilliant, creative, unique 'leader' and heart of this group. Plus the space sword is dope as hell.""
  },
  {
    ""username"": ""gorilla_glue1"",
    ""comment"": ""Aang in that suit of armor is one of the funniest scenes in the show.  It‚Äôs cute little Aang in this outrageous outfit for battle with that heavy guitar music playing in the background.  Then if that wasn‚Äôt enough you‚Äôve got him making the sound effects of a wind sword before he promptly falls over.  It‚Äôs funny and sweet and exactly the kind of humor that made ATLA so popular.""
  },
  {
    ""username"": ""MisterLyn"",
    ""comment"": ""\""Good use of terrain, fighting from the high ground.\""\n\nObi wan would be proud""
  },
  {
    ""username"": ""anongamer77"",
    ""comment"": ""\""I don't know. They missed you or something. I didn't care.\""\n\nToph tsundere confirmed?""
  },
  {
    ""username"": ""InvisibleShade"",
    ""comment"": ""First timer here.\n\n* Again, [look at how Toph gets concerned](https://i.imgur.com/HxZRg3W.png) only after the meteor lands, when she is able to feel it. The little things matter.\n* Oh my god, [swole Iroh](https://i.imgur.com/DpCHFnL.png) is the character I never knew I wanted. It hasn't been that long since he was captured in Ba Sing Se, has it? The prison diet must do wonders for him. It also made me a little ashamed of my fitness regimen during the quarantine.\n* \""Who keeps us laughing with sarcastic comments all the time?\"" I know Toph deserves praise, but not right now Aang.\n* [Not the greatest choice of apparel](https://i.imgur.com/sYPrml1.png) when your skills require you to move your body effectively. It does get all the badass points though, which might just make it worth it.\n* So Toph learned earth-bending from the badger moles. How did that even work? Did she feel the vibrations when they earth-bent?\n* if anyone would find a master in the Fire Nation, I didn't think it would be Sokka. Not that you would see me complaining.\n* [That expression of pure bewilderment](https://i.imgur.com/wcXeU1n.png). I liked how they built upon Sokka's creative skills as well rather than only making him \""better\"" at sword-fighting. And say what you may, he is determined to better himself. Who else would painstakingly make a sword out of meteorite?\n* Sokka's training was probably one of the shortest ones we've seen until now. Which kinda makes sense considering the strict deadline they're under. At least he got initiated into the Order of the White Lotus. This was yet another example that I think points to its members being tribe-agnostic.\n* This episode was so long overdue. From the episode in which the gaang broke into the Ba Sing Se palace, Sokka seemed outclassed in almost every fight. I love smart and resourceful Sokka, and I'm so excited to see what he does with his sword and fresh new skills.""
  },
  {
    ""username"": ""patoguz"",
    ""comment"": ""This is one of my favorite episodes of the whole series, love the character arc that Sokka has, I love how Piandao knew all the time about the Avatar and Sokka being not from the fire nation, but still teaching him.\n\nMany people often say that this episode is unnecessary, but for me, it is the culmination of Sokka's character arc, which was never elaborated on in this way in previous episodes. It also shows how the group is so established and united that when someone is missing (Sokka) his absence is really noticeable.""
  },
  {
    ""username"": ""PlugSlug"",
    ""comment"": ""I really like the subtle jabs the writers take at some of the criticisms of this show through jokes in this episode. Some people don‚Äôt like how goofy sokka is, the gaang being bored without sokka is the writers saying ‚Äúlook how boring this show would be without sokka‚Äù. Another one is how some people dont like how the character designs are a little simplistic so they put aang in this ridiculously over designed costume and show how while it may look nicer, aang cant move at all. Simpler designs allow for more fluid animation. \n\nAlso I know a lot of people say the last two episodes feel like they‚Äôre just filler (and i do agree this season has pacing issues) but i hope now people can at least see what the writers were trying to do, they‚Äôre giving the characters their own episodes.\nThe headband was centered around aang.\nPainted lady was kataras.\nThis is one is obviously sokkas but the the difference this time is this one had actual character development for the character it focused on.\n\n>!The next one is on the fire nation antagonists but its mainly zukos and as always he steals the show because imo ‚Äúthe beach‚Äù is the best out of all these character centric episodes. We get tophs episode later on in the runaway and seeing as how she wasn‚Äôt introduced until a couple episodes into season 2 it even makes sense to delay hers and have the four original main characters go first. The writers perfect these episodic character driven episodes in the second half of this season with the ‚Äúzuko field trip‚Äù episodes and use them as a way to really establish a relationship between zuko and each of the members of the gaang (minus toph, rip) before the finale. This is why season 3 is the best!!<""
  },
  {
    ""username"": ""[deleted]"",
    ""comment"": ""[deleted]""
  },
  {
    ""username"": ""lildisthebaddest"",
    ""comment"": ""This is my second time re-watching the series (after watching it when it first aired). Here are my thoughts:\n\n---\""Sokka's Master\"" is truly one of my favorite episodes from this season. This episode solidifies Sokka's unmatchable warrior heart and honor. It also depicts how essential Sokka is to the gaang.¬†\n\n\n---At the beginning of this episode, Sokka really believes he isn't special because he can't bend any element. We can't blame him for feeling this way because anyone in his position in the gaang would feel the same. Although the gaang knows Sokka is truly special, and no one sees him as just a regular guy, as Katara so lovingly reminds him, it is time for Sokka's to have his own journey.¬†\n\n\n---It is Sokka's honesty that Piandao is attracted to. It's what makes him decide Sokka is truly worthy of training.¬†\n\n\n---It is Sokka's heart of a warrior that Piandao observes in training, and that ultimately earns him his well deserved respect.¬†\n\n\n---I just noticed Piandao's training arena floor has a giant white lotus tile.¬†\n\n\n---Aang: \""Say something funny\""\nSokka: \""Funny how?\""\nAm I the only one that cracks up laughing on this part?\n\n---Seeing Sokka forge his own sword from raw materials is the most badass and inspirational part of this episode. Like Piandao says, \""I wouldn't have it any other way.\""\n\n\n---Sokka admitting he lied about his identity and proudly proclaiming he is from the Southern Water Tribe is what defines him. He will always be proud of who he is, and he will always remain true to himself no matter where he is.¬†\n\n\n---The sword battle is just epic. And I love how Sokka can still be a goofball and a warrior at the same time even in the middle of a presumably life-threatening battle.¬†\n\n\n---Sokka is the warrior spirit of the gaang. Without him there is no gaang.¬†\n\n\n---Lastly, Buff Uncle Iroh for President!""
  },
  {
    ""username"": ""2brokenfemurs"",
    ""comment"": ""This is one of my favorite episodes because it highlights my boy Sokka! His struggles and feelings of unworthiness seem more relatable than any other character to me. This episode also demonstrated how integral Sokka was to the group morale, and I loved seeing Katara, Aang, and Toph‚Äôs POV while Sokka is training. Creating the sword was out of a meteor was literally the most Sokka thing to do, and it really was a physical symbol of his creativity, growth, and leadership since book 1. I love Sokka so much!!!""
  },
  {
    ""username"": ""0neDividedbyZer0"",
    ""comment"": ""Iroh's prison bod improvement has me quaking.""
  },
  {
    ""username"": ""funky_kong_"",
    ""comment"": ""I love Sokka‚Äôs expressions as he‚Äôs trying to explain how his name is common in the fire nation colonies. It worries me that the live action series will end up looking like the Lion King 2019 but my expectations are high.""
  },
  {
    ""username"": ""KlapGans"",
    ""comment"": ""-Robert Patrick - voice actor of Piandou did an amazing job, my favorite line was: I think I'm a little too old to be fighting the avatar.\nReminds me of AL Pachino.""
  },
  {
    ""username"": ""far219"",
    ""comment"": ""Does Katara's comment at the end confirm that the planet they're on is named Earth?""
  },
  {
    ""username"": ""CapMoonshine"",
    ""comment"": ""Love this episode cuz it gives Sokka the respect he deserves.\n\n\nI always liked Piandao's design. He's a good looking guy.\n\n\nAlso, I never noticed how Sokka loves shopping, a typically \""girly\"" trait. That's a nice change.""
  },
  {
    ""username"": ""MissMaquarie"",
    ""comment"": ""Watching this episode this time around, I noticed how differently Sokka approaches his training compared to the other members of the gaang. He is so humble and gracious compared to the entitled and impatient ways that Katara and Aang approach their training, and that is really refreshing to me. It's also one of the reasons Sokka is my favorite character! Definitely one of my favorite episodes.""
  },
  {
    ""username"": ""birchbeer24"",
    ""comment"": ""Any thoughts of the significance of Sokka's sword being crafted from material from space? Perhaps a gift from his celestial ex-girlfriend?\n\nThere does seem to be a theme of Sokka having a  relationship with the \""otherwordly\"" aspects of the universe, outside of the four elements. Both supernatural (Yue and the moon, he's the only main character to spend time in the spirit world during the course of the show besides Aang), and in science (shows a knack for science at the Air Temple, his idea to use the eclipse to their advantage, sword made from space material). Maybe that is the show's way of making for Sokka not being able to bend any of the classic elements.""
  },
  {
    ""username"": ""OttoVonBooty"",
    ""comment"": ""Something that really bugs me rewatching the show is that Greg Baldwin‚Äôs Iroh sticks out like a sore thumb to me. \n\nIt‚Äôs not through any fault of his own-he did the best impression he could-but Mako‚Äôs Iroh had such a distinct timbre to his voice that no impression I‚Äôve heard has recaptured. It‚Äôs one of the few aspects of the show I actively dislike when I watch it through.""
  },
  {
    ""username"": ""croissonix"",
    ""comment"": ""This episode called me out for not working out during quarantine as much as I should. Sorry Iroh. \n\nI honestly think this is one of the better episodes of the series. The writing is beautiful, Sokka‚Äôs an amazing character that often overlooked in favor of his traveling companions, and it deals with really apt themes. Sometimes I wonder if the gaang really realizes how much they need their friendly meat and sarcasm guy in order to function. He's the glue keeping them together‚Äîhe's always the one keeping them focused and safe, but is also the first to lighten the mood and keep them laughing. Aang and Katara wouldn't have made it past the first iceberg without him. Its nice to see him get some credit for once.\n\n>!Super off topic note: So Piandao trained Zuko, right? Can we just imagine little Zuko running around doing these tasks or making a sword for a sec? He probably took forever doing everything because he was so determined to get it right!<""
  },
  {
    ""username"": ""Eden-Omotayo"",
    ""comment"": ""lol i just watched this ep by chance\n\n&#x200B;\n\nalso \n\n&#x200B;\n\nAANG: \""Sokka! Stand clear!\""\n\nSOKKA:\""Right, stand clear.\""\n\n\\*sokka gets attacked by giant wave bc he was salty\\*""
  },
  {
    ""username"": ""sampeckinpah5"",
    ""comment"": ""Misplaced episode. Should be in book 1 or early book 2. It doesn't make sense that Sokka's insecurities about not being useful in the team resurface after all the times he came up with the plans, held his own in battles and also met his father who reassured him that he was a true warrior. The premise just comes out of nowhere. Other than that, it's pretty nice to see a non-bender be respected as a genuine master and more White Lotus hints are always welcome.""
  },
  {
    ""username"": ""Richnsassy22"",
    ""comment"": ""This episode always felt kind of unnecessary.\n\nSokka had already established himself as an incredibly valuable member of the Gaang. There are dozens of examples of him being the \""plan guy\"" and the show makes it clear that the team would not get far without him. He doesn't need to be a great warrior to validate his worth.\n\n>!And frankly, there's not a lot of payoff to the training. There's that one moment in DoBS, but that doesn't seem like something he wasn't capable of before. !<\n\nTbh I really dislike the slow-paced \""hangout vibe\"" of the first half of Book 3. It's not that all the episodes are bad, but there are so many more interesting things the show could be exploring given the limited amount of time remaining.""
  },
  {
    ""username"": ""fishbirddog"",
    ""comment"": ""Seeing Sokka not being able to do anything in the beginning of the episode always makes me a bit sad.""
  },
  {
    ""username"": ""gian_keru25"",
    ""comment"": ""This is the most underrated episode in my opinion is in my top 3, the fight scenes, Sokka's development the white lotus forshadowing It is my favorite episode besides the final of season 2 and 3 because Sokka develops both in \""swordbending\"" and as a person. Also Master Piandao's speech at the end is one of my favorites and in a sense is conected to the Avatr√±ar and Iroh's comment about the four nations""
  },
  {
    ""username"": ""y1pyip"",
    ""comment"": ""So much character progression in one episode! Sokka has grown before, but this I believe is easily the most growth that I see in an episode. It‚Äôs literally a 22 minute training montage for Sokka on his journey to wielding a sword. It‚Äôs exciting to see how he held his own by the end of the episode.""
  },
  {
    ""username"": ""[deleted]"",
    ""comment"": ""Zuko and Sokka both were taught by Piandao!""
  },
  {
    ""username"": ""zombiegamer723"",
    ""comment"": ""I loved this episode, and actually identified with Sokka. Feeling like the weakest link, like the dumb one. \n\nI love that they weren't just BSing him to make him feel better when they told him he was the best at making plans, reading maps, and even making jokes. When he wasn't there, they actually struggled with that. \n\nI love the message of this. That you shouldn't feel worthless, but at the same time, you should always strive to improve yourself. Sokka became a better swordsman, but he wasn't suddenly useful just because he got a cool new sword. He was always a contributing member in the Gaang. \n\nI love that his sword duel shows how creative he is, thinking very quickly on his feet.""
  },
  {
    ""username"": ""GreyBigfoot"",
    ""comment"": ""I like the twist where Piandao fights Sokka and the viewer thinks it's because he's from the Fire Nation, but it's actually a final test.""
  },
  {
    ""username"": ""qlanga"",
    ""comment"": ""Iroh‚Äôs side story in this episode builds on his character (and his muscles) so beautifully; one of my favorite parts of the series. He looks like a goddamn hairless silverback by the end.\n\nAlso, he should be the patron saint of r/bodyweightfitness.""
  },
  {
    ""username"": ""bad_buoys"",
    ""comment"": ""I just finished a marathon first watch of ATLA and LOK and I love the shows so much. So these are frwsh thoughts.\n\nI loved this episode so much. Sokka often gets the short end of the stick, and it's absolutely heartbreaking when he finally admits that his inability to bend makes him feel inferior. It's clear he struggles with his self-esteem, and both this episode as well as the first episode with Jet make me so happy that Sokka can see and truly appreciate his worth. I felt so happy for Sokka when at the end Piandao, one of the Fire Nation's greatest swordsmen, was so proud to call him his pupil.""
  },
  {
    ""username"": ""Pants_for_Bears"",
    ""comment"": ""Sokka‚Äôs freaking out about the schedule in the last episode feels like a misfire. It‚Äôs strange that he goes from panicking about this apparently super time-crunched plan to wanting to take the time to train. How long was he expecting his training to take?""
  },
  {
    ""username"": ""[deleted]"",
    ""comment"": ""Loved this episode. Seeing the gaang sit around, bored, when Sokka was away was really funny to me. But it also made me realize how vital to the mission Sokka is. Being able to keep spirits high is super important when you're traveling for months on end, with the responsibility of saving the world. Imagine how mentally hard it would be without him. And having a sword forged from a meteorite is just plain awesome. \n\n\nAlso Iroh is ripped.""
  },
  {
    ""username"": ""[deleted]"",
    ""comment"": ""So much for Sokka‚Äôs grand schedule.""
  },
  {
    ""username"": ""callingsaraaah"",
    ""comment"": ""Aang: Say Something Funny!\n\nSokka: \""Funn-\""\n\nRandom Joe pesci: \""-y how?""
  },
  {
    ""username"": ""TopNotchGamerr"",
    ""comment"": ""This was my favorite episode, always wanted sokka to do something cool""
  },
  {
    ""username"": ""SnugWuls"",
    ""comment"": ""Master Piandao looks very much like Sifu Kisu. Do we know if the character was based on him?""
  },
  {
    ""username"": ""2-2Distracted"",
    ""comment"": ""[Sokka's Master](https://tvtropes.org/pmwiki/lb_i.php?lb_id=13083663820B12460100&i_id=13135533630I85659800&p=47) - this episode continues the trend of time-wasting until the invasion, Yaaayyy.... And because the audience already knows that Sokka isn't useless, and the Gaang already knows Sokka isn't useless (but for the sake of the plot they conveniently forgot here), I guess we needed an episode Sokka learns that he isn't useless for some contrived reason... by someone else telling him he's not useless. \n\n> Katara takes one look at this and says, \""The fire is gonna destroy that town.\""\n\n>> Um, Katara, this is the Fire Nation. Odds are, they have firebenders in that town; I'm pretty sure they can handle it. And even that assumes that the fire will be able to sustain itself to any degree on the short grass between itself and the town.\n\nIt shit like this that reminded me of the movie that shan't be named and the way it approached dealing with Firebending. Basically, the firebenders for some reason could not bend without an established outside source for their flames. So their had to a fire place, or pyre, or something that was on fire in order for a firebender to do their thing. Which is so damn stupid. Part of the cool about the Avatar bending system was that 2 elements needed a source and 2 didn't, it gave it a sense of balance. But apparently not the case for the movie, and what made it dumber was that movie-Iroh ruins all this by Firebending without a source anyway, and somehow all who witness this are absolutely shocked... \n\nAnyway, my point is that I was always curious about what Firebenders do when there is a natural wildfire, can they control it? Or can they only generate their own flames?\n\n> Toph says that she misses the hero worship now that they have to go around incognito. Which sounds nice and all...\n\n>> Until you realize that it makes no sense coming out of Toph's mouth! What hero worship did she even experience? Sure, there was plenty of hero worship in Season 1, but she wasn't around then. In Season 2, the Gaang got a bit of hero worship from the pregnant couple, but their defeat of the Drill was followed by the introduction of the Dai Li. Maybe they got a bit from the Earth King, but that's about it. So what in the hell is she talking about?\n\nMaybe Aaron Ehasz knows.../s\n\n> On the commentary for this section, Brian Konietzko (one of the co-creators of the series) said, [\""Everything that Aang is wearing represents stylistic elements that Mike and I don't really care for.\""](http://static.tvtropes.org/pmwiki/pub/images/S3E04_9112.jpg) Um, OK. But why is it here? You're not really poking fun at it. And the references are so muddled and incomprehensible that it's impossible to even know what these stylistic elements actually are. You can't just put a bunch of stuff into a blender, plop it onto the screen, and expect us to know what the hell you're talking about. And it certainly doesn't amount to satire or mockery.\n\nNot gonna lie, when I was a kid I was a huge fan of Dynasty Warriors and had owned 3 & 5XL. So I felt like I knew what this was referencing, but years have passed since and now I can't really say I do what's being referenced here. So maybe someone can help me out here? Someone at the end of the review says it supposed to reference JRPGs and a few Anime, but like, which Anime? Who the fuck actually dresses like this? I *guess* some Final Fantasy characters dress this way? W.O.L definitely comes to mind when I think of his depiction in Dissidia, but that's it really.\n\n> **Down the Rabbit Hole**\n\nEven though I agree, I don't much care for Piandao being a Gary Stu tbh. He's not really all that interesting as a character going by his history. I think it's cool that he's based on Sifu Kisu, but I'd be lying if I said that it wasn't cool how they didn't make another character for Sifu [Manny](https://avatar.fandom.com/wiki/Manuel_Rodriguez) considering what he helped bring to the table. So overall, he's a very meh character. But hey, I guess the kiddies needed **another** reminder that \""not all Fire Nation folk are evil\"" :/\n\nThis episode as a whole is pretty meh for me as well. The only thing of interest is the fact that Sokka's sword is made of meteorite. Oh, and Iroh gettin swole!""
  },
  {
    ""username"": ""ThreeTwenty320"",
    ""comment"": ""Nice to see how quickly Aang's earthbending is progressing with how easily he can dig himself into holes.""
  },
  {
    ""username"": ""thezander8"",
    ""comment"": ""I saw someone point out that it's her first time forgoing the hair loopies  which explains why she reacted so quickly to a comment about it""
  },
  {
    ""username"": ""InvisibleShade"",
    ""comment"": ""As evident from \""Avatar Day\"" and \""The Cave of Two Lovers\"", our Aang isn't exactly one of the best speakers.""
  },
  {
    ""username"": ""mateogg"",
    ""comment"": ""At least he didn't say he'd rather kiss her than die?""
  },
  {
    ""username"": ""InvisibleShade"",
    ""comment"": ""It would have been so easy for the show to have demoted him to a secondary character, a comic relief. But they didn't for which I'm very glad.""
  },
  {
    ""username"": ""[deleted]"",
    ""comment"": ""The whole \""3 on 3 plus Sokka\"" becomes a lot less funnier when watching this episode.""
  },
  {
    ""username"": ""KuchingLaksa"",
    ""comment"": ""\""In the commentary for \""Sokka's Master\"", the creators stated that the armor is a parody of certain styles and fictional characters that they are not fond of yet are sometimes asked to incorporate into *Avatar* in order to make the series \""cooler\"". \""\n\nGotta love the creators for sticking it to them critics.""
  },
  {
    ""username"": ""TrentMorgandorffer"",
    ""comment"": ""Iron Maang.""
  },
  {
    ""username"": ""[deleted]"",
    ""comment"": ""[deleted]""
  },
  {
    ""username"": ""talpal16"",
    ""comment"": ""When I rewatched it, I had no one in the room to reference that too *tear*""
  },
  {
    ""username"": ""InvisibleShade"",
    ""comment"": ""Just as headstrong as the earth she bends.""
  },
  {
    ""username"": ""MiracleBeliever"",
    ""comment"": ""Yeah her progression of opening up to the gaang becomes more evident I believe this sesson. But I think this is more toward her crush on Sokka since the Serpent‚Äôs Pass""
  },
  {
    ""username"": ""[deleted]"",
    ""comment"": ""Earth-Baka?""
  },
  {
    ""username"": ""utdbenj"",
    ""comment"": ""Sokka did not get initiated into the White Lotus, actually the Gang still have no clue what the White Lotus tile that Piandao gives them means at the end of the episode. ‚ÄúWhat is it Sokka‚Äù ‚ÄúIts a pai sho tile‚Äù ‚ÄúWhat does it mean?‚Äù ‚ÄúI don‚Äôt know‚Äù""
  },
  {
    ""username"": ""[deleted]"",
    ""comment"": ""I think because the badger moles were blind, Toph was able to better understand their movements. I have a feeling that Toph was already earthbending before her encounter with them (kind of like the body's natural way of adapting to physical limitations) and had some vibration sense already. But learning from the badger moles just sort of boosted her learning, as they were the only blind teachers that she could learn very niche techniques from.""
  },
  {
    ""username"": ""croissonix"",
    ""comment"": ""I like how this episode highlights that Sokka‚Äôs really more of an idea guy. He‚Äôs the kind of person you‚Äôd want to have your back in a fight not because he‚Äôd beat the daylights out of them (like Toph) or try to talk them down (like Aang). No, you want Sokka on your side because he‚Äôll come up with some crazy plan that actually works, and if it doesn‚Äôt he‚Äôs now got some cool sword skills as a backup.""
  },
  {
    ""username"": ""wuzzum"",
    ""comment"": ""just swole Iroh is enough to make the whole episode""
  },
  {
    ""username"": ""[deleted]"",
    ""comment"": ""[deleted]""
  },
  {
    ""username"": ""ThisIsRolando"",
    ""comment"": "">Not the greatest choice of apparel  \n>  \n> when your skills require you to move your body effectively. It does get all the badass points though,\n\nr/mallninjashit""
  },
  {
    ""username"": ""croissonix"",
    ""comment"": ""I‚Äôd never considered that early season 3 emphasized the characters in this way but you‚Äôre right. Its a really nice way of highlighting who these characters at heart‚ÄîAang‚Äôs a goofball, Katara wants to help the world, so on and so forth.""
  },
  {
    ""username"": ""FluffyTumbleweed1"",
    ""comment"": ""‚ÄúIt wasn‚Äôt your skills that impressed me. No, it certainly wasn‚Äôt your skills.‚Äù I love these lines because 1) they‚Äôre unexpectedly funny and 2) they show that Sokka didn‚Äôt gain his sense of worth from being anything but himself. \nAs worthless as he felt compared to the rest of the Gaang, he earns his sense of self-worth just by being true to who he is: a protector, a thinker, a man with honor and integrity.""
  },
  {
    ""username"": ""EeSeeZee"",
    ""comment"": ""Speaking of Iroh for President, there‚Äôs a drawing in the new Legacy of the Fire Nation comic that shows what Iroh would have looked like had he become the Fire Lord as the oldest son tradition dictates. In a letter to Zuko, Iroh says that Ozai becoming Fire Lord instead of him made him feel  so ashamed of himself, since growing up as crown prince it was always something he (Iroh) knew to expect for himself one day, a title he looked forward to inheriting. However, he is happy that fate had other plans for him, and tells Zuko that one may never know what plans fate has for anyone.""
  },
  {
    ""username"": ""Greatdrift"",
    ""comment"": ""Yeah he's in his room working out like a mad mofo, while I'm sitting in my room eating one too many slices of pizza and binge-watching Avatar.""
  },
  {
    ""username"": ""Geosaysbye"",
    ""comment"": ""The first 5ish episodes of book 3 are probably my favorites of the series, so much character development, the best time that the show could be Slice of life and get away with it imo""
  },
  {
    ""username"": ""TrentMorgandorffer"",
    ""comment"": ""Yup. The colonel did a great job.""
  },
  {
    ""username"": ""ziggygersh"",
    ""comment"": ""Considering one of the forms of bending is ‚Äúearthbending‚Äù, I‚Äôm gonna go with yes, it is a planet called earth""
  },
  {
    ""username"": ""goodkid_sAAdcity"",
    ""comment"": ""Mako‚Äôs accent and speech patterns can be imitated, but the full emotional range of his acting ability gets lost. It can‚Äôt be helped but Iroh becomes a less dynamic character after his death.""
  },
  {
    ""username"": ""ScooterScotward"",
    ""comment"": ""This stuck out to me immediately when I first watched the show a week or two ago.""
  },
  {
    ""username"": ""dudzi182"",
    ""comment"": ""I don‚Äôt recall Iroh having any lines in this episode, just grunting...am I missing something?""
  },
  {
    ""username"": ""I_Hate_Dolphins"",
    ""comment"": ""Agreed. I don't think I really noticed as a kid watching the original airing - but it's like night and day on the rewatch.""
  },
  {
    ""username"": ""fancy_a_username"",
    ""comment"": ""I don't recall Iroh having any actual lines in this episode? Just grunting while he gets swole\n\nEdit: nvm I see someone else already said the exact same thing and you answered them. Ignore this, kind person""
  },
  {
    ""username"": ""Roeclean"",
    ""comment"": ""Which I feel is a subtle reference to the fortune teller saying his life would be filled with a lot of unlucky occurences.""
  },
  {
    ""username"": ""vinniethepooh2"",
    ""comment"": ""I take it as he is about to be part of a fight with the fire lord during the comet, he‚Äôs been fine up until this point with what he knows but I think he realizes he‚Äôs gonna need to really bring it if he wants to be helpful during the final battles.""
  },
  {
    ""username"": ""s-mores"",
    ""comment"": ""Book 3 is in such a weird place, altogether. Sometimes it feels like all it does is tie loose end after loose end. Of course there's the beach episode. And the catchup episode... eh.\n\nActually, I can completely understand why. In Book 3 they *sort of* have some time to calm down, as in things are *sort of* settled and they have to wait for things to happen, without rushing to prepare everything. When you've been stressed out and rushing for a long period of time and it ends and you're left with long periods of time with nothing but your thoughts for company, your brain starts to process all that stress. \n\nI seem to remember Sokka having a few throwaway lines every now and then about being the odd man out, so it's not like this comes out of *absolutely* nowhere. Besides, it's a weekly show, *everything* comes out of nowhere. It's not like the Great Ravine was foretold several episodes in advance.""
  },
  {
    ""username"": ""PlugSlug"",
    ""comment"": ""I think it‚Äôs reasonable that he still doubts himself, yes he has had his moments throughout the series but there have also been plenty of times hes been sidelined and even mocked by toph. The opening scene is to remind the audience of this. The reason i think this episode is titled ‚Äúsokkas master‚Äù is because of how unique his relationship with his master is compared to the rest if the gaang. Their masters taught them how to be great, sokkas master taught him that he was already great.""
  },
  {
    ""username"": ""ThreeTwenty320"",
    ""comment"": ""My thoughts exactly. In a vacuum, this episode has plenty of great things going for it but it doesn't fit with Sokka's previous experience and characterization. The beginning with the meteor feels especially forced since if this were any other episode Sokka would have been the one to come up with the plans for stopping the fire.\n\nPlus, Sokka is arguably more important now than ever before as he basically planned out the invasion himself and is responsible for getting everyone to the rendezvous on time.""
  },
  {
    ""username"": ""Lisentho"",
    ""comment"": ""i respectfully disagree, these kinds of episodes are important in ensemble shows. Yes we have seen sokken being useful, but its been a theme throughout that sokken feels less worthy in the group when everyone ia doing their bending, while also doubting his skills as a warrior (even though hes always been a good one). This episode doesnt just reaffirm him as a good warrior and teammate, but also gives him the master-pupil connection all the others have, including toch with the badgermoles.\n\nBesides that im happy so much of season 3 is hangout vibe, the show is about defeating the big baddie sure, but so much of the show is just the amazing characters being themselves, and exploring who they are. One of my top 3  episodes, tales of ba sing se, does nothing to move the plot but thats what makes it a good episode. The stakes are relatively low, but you get to see the traits of each character so well. This master episode does that for sokka, who got the least impressive tale of ba sing se segment.""
  },
  {
    ""username"": ""magikarpgrind"",
    ""comment"": ""I 100% agree with the pacing. I wish they >!moved up the invasion episodes earlier in the season, and moved some episodes like this one to the second half. This also means more episodes with Zuko and the Gaang which I really like.!< Going from the long arc from The Library to Crossroads in season 2 to more episodic, contained storylines was noticeably jarring on my rewatch.""
  },
  {
    ""username"": ""2-2Distracted"",
    ""comment"": ""Glad I'm not the only one who feels this way. The general excuse is that Sokka needed this so he realizes how valuable he is, but all this episode does is have someone else tell him how valuable he is instead of, y'know, him realizing it himself.""
  },
  {
    ""username"": ""EeSeeZee"",
    ""comment"": ""Yeah, Aang says ‚Äúlook after Momo‚Äù, and then Momo ends up putting out more small fires than Sokka.""
  },
  {
    ""username"": ""sierra501"",
    ""comment"": ""Wait really?""
  },
  {
    ""username"": ""DiggetyDangADang"",
    ""comment"": "">Not gonna lie, when I was a kid I was a huge fan of Dynasty Warriors and had owned 3 & 5XL. So I felt like I knew what this was referencing, but years have passed since and now I can't really say I do what's being referenced here. So maybe someone can help me out here? Someone at the end of the review says it supposed to reference JRPGs and a few Anime, but like, which Anime? Who the fuck actually dresses like this? I guess some Final Fantasy characters dress this way? W.O.L definitely comes to mind when I think of his depiction in Dissidia, but that's it really.\n\nSomeone in Nickelodeon pressured Bryke to give cool armor and an \""Airbending Sword\"" to sell toys. The whole scene is a middle finger to Nickelodeon (seriously fuck Nickelodeon). \n\nAnd for your other question, [Mako claimed an explosion in LoK.](https://gfycat.com/sillycooperativebluemorphobutterfly-firebending-mako)""
  },
  {
    ""username"": ""qlanga"",
    ""comment"": ""You just read that boy for filth and I LOVED it.""
  },
  {
    ""username"": ""dwide_k_shrude"",
    ""comment"": ""THOSE ARE YOUR HAIR LOOPIES!""
  },
  {
    ""username"": ""EliRekab"",
    ""comment"": ""Which is ridiculous seeing as how he had one of the smoothest plays in only two episodes agoüò°""
  },
  {
    ""username"": ""talpal16"",
    ""comment"": ""But also?? they manage to keep in his gleeful nature. Like there are straight up TWO fades to black with Sokka‚Äôs face breaking into a wide grin. \n\nAlso, his delight in shopping is just so refreshing. Albeit, the show pokes at people deviating from gender norms (‚Äúyou‚Äôre the one whose purse needs to match his belt‚Äù), this moment Katara truly knows her bro and unironically suggests they take him shopping. It‚Äôs just so wholesome and not played as a cheap joke and it just shows how the show matured over time.""
  },
  {
    ""username"": ""comrade_batman"",
    ""comment"": ""I think it was also because Nickelodeon wanted toys of Aang in armour, which they thought would sell more, but the creators never liked giving Aang armour so that scene was meant as a joke about that.""
  },
  {
    ""username"": ""KrankyPenguin"",
    ""comment"": ""where can i see the commentary?""
  },
  {
    ""username"": ""Toastiesyay"",
    ""comment"": ""I don't like pebbles. They're coarse and rough and irritating and get everywhere.""
  },
  {
    ""username"": ""CapMoonshine"",
    ""comment"": ""I argue it's a clue for when he gets older.\n\n\nSo not yet a initiation, but more a key to the clubhouse should he choose to join.""
  },
  {
    ""username"": ""warichnochnie"",
    ""comment"": ""Yeah, afaik the gang has never heard of the white lotus before this point and we only know about it from the scenes with Iroh and Zuko\n\nthis scene was probably meant to be a tip-off more to the audience that piandao was White Lotus, though it's also about time that the gang start being clued into its existence""
  },
  {
    ""username"": ""InvisibleShade"",
    ""comment"": ""I know. Just kidding.\n\nI wonder if the tile will remain a memorable token, or will it be useful to the gaang in the future.""
  },
  {
    ""username"": ""TristanTheViking"",
    ""comment"": ""Sokka is already a great fighter with sword-ish weapons, the training seemed like it was mostly him adjusting to the use of an actual sword and internalizing the philosophy of it. And even the philosophy is something he already has pre-training, just not a firm enough grasp yet.\n\nThis was Sokka learning of the path before him and taking the first few steps with the help of his master. There's still a long way to go, but he's on the right course now.""
  },
  {
    ""username"": ""far219"",
    ""comment"": ""The word \""earth\"" can mean dirt, rocks, soil, etc. That's why that bending style is named the way it is. It doesn't necessarily mean that the planet they're on is called Earth; after all, most of the surface seems to be covered in water. It makes sense for a rock from a meteorite to be called earth, but *my* point was that Katara thought it shouldn't be called that because it's \""from space\""; in other words, \""not from this planet\"". Why should it not be called earth if it's not from the planet? Because that planet is called Earth as well. That's why we don't refer to meteorites as earth in real life either.""
  },
  {
    ""username"": ""inneedofafake"",
    ""comment"": ""Lmao""
  },
  {
    ""username"": ""OttoVonBooty"",
    ""comment"": ""I agree wholeheartedly. The two main things that simply couldn‚Äôt be replicated were Mako‚Äôs emotional acting and the basic sound of his voice. Baldwin was obviously caught between a rock an a hard place-he tried to imitate Mako‚Äôs accent and tone, which stifled his ability to act. And he simply couldn‚Äôt *sound* like Mako, just by the nature of the human voice.""
  },
  {
    ""username"": ""OttoVonBooty"",
    ""comment"": ""You're not wrong. When I wrote this I probably just picked an episode where I knew Iroh was in prison.\n\n&#x200B;\n\nBecause of the timing of Mako's death, Greg Baldwin had to fill in some missing lines from Book 2 (e.g. Tales of Ba Sing Se); but since the bulk of Iroh's lines were still Mako, the character didn't feel any different.\n\n&#x200B;\n\nBy the time Book 3 came out, all of Iroh's dialogue was Baldwin. Without Mako's voice present at all, the pretense fell apart for me. It becomes an obvious, grating imitation of a singularly idiosyncratic voice.\n\n&#x200B;\n\nI know that I'm overly critical of the swap, and to most people it's a non-factor. But it's the truth of my experience watching the show.""
  },
  {
    ""username"": ""IndependentMacaroon"",
    ""comment"": ""> it's a weekly show, everything comes out of nowhere\n\nThis exactly is my one real problem with the show, it can feel a bit disjointed, as well as inconsistent. I guess the creators were by necessity going for something like the episodic world- and character-building of Cowboy Bebop and such, but avoiding elaborate plotting and lore-building just doesn't work well for a grand heroic fantasy adventure.""
  },
  {
    ""username"": ""magikarpgrind"",
    ""comment"": "">!Maybe this episode would have worked better right after the eclipse, when Sokka's plan caused much of their group to be captured? Or even a couple episodes after it, after Zuko joins the gang, and we could have had a cool Zuko-Piandao reunion. I guess Sokka's guilt is resolved in the Boiling Rock episodes though.!<""
  },
  {
    ""username"": ""Themightyquinja"",
    ""comment"": ""Agreed with you up until that last sentence. Sokka‚Äôs Vignette is easily better than aangs and katana-tophs, and debatably better than zuko and momos""
  },
  {
    ""username"": ""Lisentho"",
    ""comment"": ""keep in mind ATLA wasnt meant to be binge watched on a streaming service, so episodes are generally more self contained, and those multi episode stories would often be marathoned by nickelodeon, sometimes being special events on the channel""
  },
  {
    ""username"": ""[deleted]"",
    ""comment"": ""Yep, in a comic Zuko mentions that he was taught by Piandao.""
  },
  {
    ""username"": ""2-2Distracted"",
    ""comment"": ""Wow. Thanks for the explanation, and yeah Fuck Nickelodeon.\n\nAnd I can't believe I forgot this. So thanks again! :3""
  },
  {
    ""username"": ""[deleted]"",
    ""comment"": ""> Um, Katara, this is the Fire Nation. Odds are, they have firebenders in that town; I'm pretty sure they can handle it. And even that assumes that the fire will be able to sustain itself to any degree on the short grass between itself and the town.\n\nI mean, the previous village didn't seem to have any firebenders at all. Also, I don't think it would be in their personalities to just let a fire burn until someone else comes to fix it.""
  },
  {
    ""username"": ""MiracleBeliever"",
    ""comment"": ""Aang wins some aang loses some""
  },
  {
    ""username"": ""EeSeeZee"",
    ""comment"": ""Aang‚Äôs an airbender. The Air Nomads have never needed armor, they don‚Äôt have an army! Plus, it was probably just hinder the practice of airbending as it relies on being light!""
  },
  {
    ""username"": ""Lisentho"",
    ""comment"": ""Such typical exec stuff. Totally not getting who the character is.""
  },
  {
    ""username"": ""jelvinjs7"",
    ""comment"": ""The absurd description of the air sword makes a lot more sense with all these behind-the-scenes facts in mind.""
  },
  {
    ""username"": ""KuchingLaksa"",
    ""comment"": ""blu-ray bonus features""
  },
  {
    ""username"": ""dudzi182"",
    ""comment"": ""Yeah, I‚Äôm with you. On my first watch, even though I knew about the change I couldn‚Äôt really tell the difference. But on the rewatch I just did,  I could definitely tell.\n\nBaldwin‚Äôs voice isn‚Äôt bad by any means, it just feels like its missing something. I will say that I think its a bit better in his appearances in Korra though.""
  },
  {
    ""username"": ""2-2Distracted"",
    ""comment"": ""That's an absolutely awesome idea  and a clear missed opportunity.""
  },
  {
    ""username"": ""RonSwansonsGun"",
    ""comment"": ""When did Zuko and Piandao meet?""
  },
  {
    ""username"": ""Lisentho"",
    ""comment"": ""I mean its funny and cute but unlike the other vignettes its pure comedic relief, and doesn't expand upon the character of sokka, we know he's funny and quick witted. I'd say momos is actually one of the better ones, it serves to realise mono to a true character, its on par with appas lost days in that respect, and it makes ATLA a better show, because tbe animals aren't just cute and funny, they're real beings. That's what makes monos vignette so special. Is say sokkas and aangs are the worst, and katara and zuko are really good too imo, since they give zuko some more humanisation, and katara and tophs serves to establish the sister like bond theyre growing into, which is further established in the runaway >!when toph asks katara to help her write a letter to her parents!<""
  },
  {
    ""username"": ""jgalaviz14"",
    ""comment"": ""A lot of new shows that come out in the streaming age are pretty much long, drawn out movies in their plots. They get a set amount of episodes with set time sets per episode and know itll be watched in a binge fashion, so the writers plan it out based on that""
  },
  {
    ""username"": ""sierra501"",
    ""comment"": ""That‚Äôs awesome""
  },
  {
    ""username"": ""[deleted]"",
    ""comment"": ""It'd be pretty neat if there were some throwaway text explaining all firebenders are quickly conscripted.\n\nI don't remember anything like that, though.""
  },
  {
    ""username"": ""MalikVonLuzon"",
    ""comment"": "">  they don‚Äôt have an army!\n\nWell, I don't know how you could possibly know more than our national history book. Unless you were there a hundred years ago.""
  },
  {
    ""username"": ""magikarpgrind"",
    ""comment"": ""I think it was mentioned in the comics (lost adventures) that Piandao also trained Zuko in swords.""
  },
  {
    ""username"": ""ThreeTwenty320"",
    ""comment"": ""They never say anything like that, but that's an interesting theory. If I remember correctly the only civilian we see firebending during the whole season is that school bully from \""The Headband\"" and I assume that the Fire Nation would have a minimum age requirement before they can be conscripted.""
  }
]"
"""Sokka's master"" is one of my favorite episodes, what about you guys?","[
  {
    ""username"": ""SharpshootinTearaway"",
    ""comment"": ""If your friends and family love you just as much as the Gaang love Sokka, miss him when he's gone and don't know what to do without him, then you excel at one thing: being a good friend. You might not HAVE any gift, but you ARE their gift. It's even better than being an athlete, a great artist or a good mathematician.""
  },
  {
    ""username"": ""wp07"",
    ""comment"": ""I also love how supportive they all were of him. Katara immediately tells him they're sorry he feels that way then reassures him that none of them feel that way about him. Then she suggests something to help him feel better about himself, cut to then shopping for a new weapon for him and thus he learns about Piandoa and receives a master of his own. Just another amazing episode in a Book full of them""
  },
  {
    ""username"": ""rasterbated"",
    ""comment"": ""One thing Sokka doesn‚Äôt get enough credit for is his commitment to rational thought. Even in a world of magic, he‚Äôs chaffed by irrational, non-scientific behavior. I respect that. This rationality gives him access to the greatest mortal power, greatest even in our own world: inventiveness. \n\nThat is his gift. He solves problems not with magic but with his mind, with the world. If anyone in ATLA was gonna be an engineer, it would be Sokka. \n\nHe‚Äôs not normal. He‚Äôs amazing. And I bet you are, too. You just don‚Äôt know it yet.""
  },
  {
    ""username"": ""snarkisms"",
    ""comment"": ""And also Piandao sees how exceptional Sokka is in the episode, but how unconventional that exceptionalism is""
  },
  {
    ""username"": ""WhoHasAngerIssues"",
    ""comment"": ""Sokka is regular but the smart one in the gaang, while the others are smart too but sokka is map smart, planning chart smart, commentary smart.""
  },
  {
    ""username"": ""cheeseburgeraddict"",
    ""comment"": ""Agreed, one of my favorite episodes too because throughout the show I was thinking about the non benders and how they‚Äôd compete.""
  },
  {
    ""username"": ""SilverSannin"",
    ""comment"": ""All of book 3 (minus the dreams/nighmare episode)\nBut specifically:\n\n'Hi zuko here' ep.\n\nEmber island (not the play, the beach ep)\n\nBoiling rock eps \n\nDragon dance ep\n\nSokka's master  \n\nAnd kuzon ep \n\n=)""
  },
  {
    ""username"": ""w11f1ow3r"",
    ""comment"": ""I also really love how in the season they start drawing Sokka more mature, and his face more lean. You can really tell by this book that he had been on the road for the past year.""
  },
  {
    ""username"": ""Twoheaven"",
    ""comment"": ""Except Sokka isn't a regular guy, he just doesn't have bending.  He's brilliant,  eccentric sure but brilliant.  A fantastic strategist and does amazingly well at thinking on his feet.  Plus he is an outstanding fighter, particularly towards the end of the series. I mean I love the character,  outside of Toph he is easily my favorite,  but he is not a \""regular\"" dude.""
  },
  {
    ""username"": ""TvManiac5"",
    ""comment"": ""Yeah I loved it too. And I completely disagree with the take that \""we knew Sokka is special he didn't need this episode\"". That's the point genius. We knew that. He didn't. That's the importance of the episode""
  },
  {
    ""username"": ""HECUMARINE45"",
    ""comment"": ""Sokka is, in my opinion, the underdog of the series, he‚Äôs really just a kid from a small village in the middle of nowhere. He finds himself in the center of a war he doesn‚Äôt really understand, visits places far and wide, and befriends people far more powerful then he is. He knows this story Isn‚Äôt his story, but damn if he doesn‚Äôt pull his weight anyway.""
  },
  {
    ""username"": ""FlorianoAguirre"",
    ""comment"": ""Just remember that Sokka is still a master tactician, a genius in a lot of scientific regards, a great inventor, super athletic and also good looking.""
  },
  {
    ""username"": ""Elementotico"",
    ""comment"": ""The only thing I didn't like about this is that after this episode there isn't any pay off for it, as in, there isn't really any fight or moment where Sokka's sword/training were necessary, Toph had plenty of moment for her metalbending, even Katara had a moment for bloodbending, Zuko had moments for lightning redirection, Suki didn't have anything new added to her but she showed what she had in the prison, even Katara had a moment for bloodbending, which I wasn't expecting, but for Sokka there were no moments where either the sword itself, or Sokka's training with it actually mattered, a lot of the moments he had I could see the sword easily replaced by his older weapons and didn't use any particular level or skill he didn't have before, and I'm not saying the episode is bad or filler, there was plenty of character development, but I still feel like Sokka was done dirty without any moment for him to actually show off what he got from it.""
  },
  {
    ""username"": ""Son_Kakarot53"",
    ""comment"": ""It‚Äôs a tad unrealistic that he mastered using a sword in a day or 2, especially since in reality it can take years with some people, but overall this was a really good episode that definitely deserves a lot of love""
  },
  {
    ""username"": ""DasFrebier"",
    ""comment"": ""In one of the comics (I'll look it up later) is a absolutly heartwrenching story where sokka takes a night guard and just quietly watches over the rest of the gaang while wispering something like \""this is where I'm needed, where I'm useful, even if my friends wont ever know to appreciate it\""\n\nJust protecting the ones he loves without even caring about any recognition""
  },
  {
    ""username"": ""MileyMan1066"",
    ""comment"": ""Sokka is the Human Fighter of the dnd party.""
  },
  {
    ""username"": ""[deleted]"",
    ""comment"": ""Hm. Never thought of it like that.""
  },
  {
    ""username"": ""Grandarc"",
    ""comment"": ""I feel like the episode is extremely important in describing what bending should be.  Bending, like the sword is an extension of the body and why Sokka learning the sword is important as a non bender.  It‚Äôs the episode that I wish the unmentionable movie should have watched to understand what bending is suppose to be.""
  },
  {
    ""username"": ""[deleted]"",
    ""comment"": ""Normal pokemon are some of the most dependent and reliable, and I argue that basically every nuzlocke team needs one.\n\nIt's ok to be Normal.\n\nEspecially if you have Guts""
  },
  {
    ""username"": ""Avatar1555"",
    ""comment"": ""What I love is the way they portrayed sokka's feelings about being \""normal\"". He felt unimportant cuz he couldn't help during a natural disaster while his friends were all like \""meteor? No sweat!\""""
  },
  {
    ""username"": ""starcraft_al"",
    ""comment"": ""Amazing episode, I thought it would have been much better in season 1 or 2 though, it felt a little late in the series for Sokka to suddenly start to feel like he was left out.""
  },
  {
    ""username"": ""shynerdnextdoor"",
    ""comment"": ""Same. Sokka is very relatable and always will be special because sometimes I just feel so average, but Sokka reminds me that being average doesn't mean you can't be awesome!""
  },
  {
    ""username"": ""Tyrolean_Jenkins"",
    ""comment"": ""You know what you gotta do, you need to become a master swordsman. It is the way.""
  },
  {
    ""username"": ""anthro28"",
    ""comment"": ""My boy wasn‚Äôt regular. He was a bonafide lady bender and was too goofy to notice. Royalty, good guy warrior lady, bad guy warrior lady, everyone wanted some of the dude.""
  },
  {
    ""username"": ""mschellh000"",
    ""comment"": ""I‚Äôm just here for the space sword""
  },
  {
    ""username"": ""Rajin29"",
    ""comment"": ""I take comfort in the fact that by default everyone is bad at everything, babies and young children are literally useless, can't even wipe their own arse's. People can always find something their good at but you have to find the glove that fits, some find it early on when for others it takes time. Just don't give up on yourself.""
  },
  {
    ""username"": ""MrCantPlayGuitar"",
    ""comment"": ""Agreed. I loved this episode. Buuuuutttt....\n\nIt was a bit hard to believe that he learned so much in such a short span. They should have left him there for a couple weeks at least.""
  },
  {
    ""username"": ""Nepsaspen"",
    ""comment"": ""Sokka is the brain of the ganng""
  },
  {
    ""username"": ""beansnack"",
    ""comment"": ""Appa‚Äôs Lost Days and Tales of Ba Sing Se. Just really beautiful stuff that makes me want to cry and sing. All emotions in like 45mins of content""
  },
  {
    ""username"": ""Argama_Asce"",
    ""comment"": ""I really do liked this episode but it probably should've been in season 2, up to season 3 he was shown to be the strategic one of the group.""
  },
  {
    ""username"": ""shoredoesnt"",
    ""comment"": ""Well put""
  },
  {
    ""username"": ""barbelogaming"",
    ""comment"": ""He really isn't regular. He kept the group going. I doubt they would have made it without him.""
  },
  {
    ""username"": ""chabri2000"",
    ""comment"": ""He is a bender too.\nHe got both suki and yue to bend over for him...""
  },
  {
    ""username"": ""bigt1238"",
    ""comment"": ""I don‚Äôt know if this has been commented already but what I love about this episode was that it was written by F.C. Yee, the author who wrote the Kyoshi novels. And what I love about it is that he wrote the original version of the episode as a try-out to join the writers of avatar so he basically wrote it as a fan fiction that became canon in the show.""
  },
  {
    ""username"": ""MidnightDija"",
    ""comment"": ""I loved that we got episodes that centre on one character. Wish we got more of that in Legend of Korra.""
  },
  {
    ""username"": ""sese2003"",
    ""comment"": ""I still think it‚Äôs sucks that he lost his space sword despite this episode having him learning how to use it... does he ever get it back?""
  },
  {
    ""username"": ""agorafilia"",
    ""comment"": ""Man, I'm more relatable to Zuko than any other character. The episode where his mom says to him his talent in never giving up and working hard on what he wants is what makes him who he is. Not like Azula. I spend 5 years of my life trying to make my dream come true and saw people way younger doing it. But I finally managed to do it. This episode made me cry my eyeballs out.""
  },
  {
    ""username"": ""tmo530"",
    ""comment"": ""He excels at ideas - he's the idea guy!""
  },
  {
    ""username"": ""Melbourne_Australia"",
    ""comment"": ""Then start making something out of yourself""
  },
  {
    ""username"": ""the_beast_intha_east"",
    ""comment"": ""Aah yes, the 10th Sokka post of the day. Yipee""
  },
  {
    ""username"": ""silverfang789"",
    ""comment"": ""Must be all that wheat bran he eats. üòÜ""
  },
  {
    ""username"": ""elmoteca"",
    ""comment"": ""Reminds me of Buffy the Vampire Slayer and Xander's monologue to Dawn about how \""We are the ones who were not chosen.\""""
  },
  {
    ""username"": ""Amber_FlamingGaming"",
    ""comment"": ""nO- hEs jUsT a gUY wItH a BoOmErAnG, WhO dIdNT AsK for AlL ThIs FlyING AnD mAgIc-""
  },
  {
    ""username"": ""jimmyerthesecond"",
    ""comment"": ""There a part in Blood Blockade Battlefront (A must watch anime of which you haven't heard.) [And](https://imgur.com/g9Yje8L.jpg) [it](https://imgur.com/TcB2rcn.jpg) [fits]( https://imgur.com/G3BX7xP.jpg ) [for]( https://imgur.com/Q356zKh.jpg ) [Sokka]( https://imgur.com/E7zgivq.jpg ) [pretty]( https://imgur.com/P8Zcliy.jpg ) [freaking]( https://imgur.com/Gx929Z7.jpg ) [well]( https://imgur.com/qh6tACl.jpg )[...]( https://imgur.com/jRtCnai.jpg ) [I ran]( https://imgur.com/LEPMs0S.jpg ) [out]( https://imgur.com/mOLz5DR.jpg ) [of words]( https://imgur.com/zjRnloc.jpg ) [to attach]( https://imgur.com/jSKrmgT.jpg ) [images] ( https://imgur.com/dUtPLbG.jpg ) [to]( https://imgur.com/jp5Ex5W.jpg )""
  },
  {
    ""username"": ""snflowerings"",
    ""comment"": ""Dude, your words cheered me up so much rn. I know I'm not op, but I relate to Sokka a lot too. Its so uplifting to hear this perspective, thank you for being a wonderful being""
  },
  {
    ""username"": ""HumanBeing0"",
    ""comment"": ""Hmm I related more to his feelings about the whole thing than how his friends felt about him. But it's really kind of you to say this and I appreciate it very much.\nI wanted to wish you a good rest of your day but then I realized it's Christmas Eve, so merry Christmas! (If you celebrate it of course)""
  },
  {
    ""username"": ""tklarson"",
    ""comment"": ""Damn, I don‚Äôt even have that üòÇ""
  },
  {
    ""username"": ""um_gajo__qualquer"",
    ""comment"": ""Thank you for that :)""
  },
  {
    ""username"": ""Scaboo45"",
    ""comment"": ""I‚Äôd award you if I could but this was just perfect""
  },
  {
    ""username"": ""gshust21"",
    ""comment"": ""Wow I didn‚Äôt know that I needed this so thank you for making my Christmas a whole lot better""
  },
  {
    ""username"": ""HumanBeing0"",
    ""comment"": ""Yeah I loved that too, their reaction was also relatable to me since my friends have made it their mission to find something I am good at""
  },
  {
    ""username"": ""[deleted]"",
    ""comment"": ""Yeah! In some other ‚Äúteen superheroes‚Äù thing, the plot probably might have been that the funny guy has this existential crisis in the middle of preparing for the big boss fight, and then everyone‚Äôs mad at him because YA drama.""
  },
  {
    ""username"": ""HumanBeing0"",
    ""comment"": ""I definitely agree with your point. The reason I already liked Sokka before this episode was, in fact, his rationality (he was great in \""the fortuneteller\"" for example).\nThanks about that last thing you said, that's really nice of you :)""
  },
  {
    ""username"": ""Sanguiluna"",
    ""comment"": ""He‚Äôs the Hermione of that series. Sure they might be a buzzkill sometimes, but every hero group needs one.""
  },
  {
    ""username"": ""DBuckFactory"",
    ""comment"": ""I think the big thing is that he starts as a kid with way too much weight on his shoulders and stuck in traditional thought (misogyny basically).  He transforms into a very rational, optimistic, and charismatic person.  I really liked when they stormed the fire kingdom and he couldn't relay his plan, so his father does it.  Then he takes over later in battle and it was so cool.  He's an amazing character.  His transformation from \""leader\"" to legitimate leader is fun to watch.\n\nAlso, I'm one of those average people and there's nothing wrong with it.""
  },
  {
    ""username"": ""HumanBeing0"",
    ""comment"": ""Piandao is awesome. He knows right away Sokka is water tribe and still agrees to train him.""
  },
  {
    ""username"": ""Ever_Impetuous"",
    ""comment"": ""Pianao is also the only non-bender in an exceptional squad. Understandable why he'd relate to Sokka.""
  },
  {
    ""username"": ""HumanBeing0"",
    ""comment"": ""There's no denying Sokka was crazy talented too. But in this episode the focus is on the fact that his friends all have these amazing magical powers while Sokka is, so to speak, the only \""muggle\"" of the group (please excuse my use of harry potter terms, best way I can think of putting it rn). And that fact makes him feel like the regular guy and he feels down about it.""
  },
  {
    ""username"": ""tbo1992"",
    ""comment"": ""Don‚Äôt forget military tactician smart too. I just rewatched The Desert, what he says about needing intelligence (because they don‚Äôt have a plan for what to do even if Aang does master the elements) makes _too_ much sense.""
  },
  {
    ""username"": ""DaemonOwl"",
    ""comment"": ""I was honestly expecting LoK book 1 would expand on that because the idea is so interesting to explore and expand.""
  },
  {
    ""username"": ""WhoHasAngerIssues"",
    ""comment"": ""The tails of Ba Sin Sa bc Irohs made me cry, and I liked Momo‚Äòs tale \n\nAppas Lost Days\n\nSiege of northern tribe part 1 and 2\n\nSecret Tunnel""
  },
  {
    ""username"": ""HumanBeing0"",
    ""comment"": ""I love \""Sokka's master\"" and it's definitely in my top 5, but \""The Beach\"" is actually my number 1 favorite episode. It did such a good job of humanizing the villains and Azula's flirting skills were a mood""
  },
  {
    ""username"": ""WhoHasAngerIssues"",
    ""comment"": ""Yeah I could tell how the not only sokka but also the early gaang changed threw season 1-3""
  },
  {
    ""username"": ""HumanBeing0"",
    ""comment"": ""Yeah but as evidenced by the quote in the image he still feels like a regular guy and that's a mood whether or not there's any truth to it""
  },
  {
    ""username"": ""HumanBeing0"",
    ""comment"": ""Exactly. He needed the episode, it was an important part of his character arc""
  },
  {
    ""username"": ""HumanBeing0"",
    ""comment"": ""Damn right! That's one of the many reasons I think he's awesome.""
  },
  {
    ""username"": ""HumanBeing0"",
    ""comment"": ""That's not something I was about to forget but the way he felt about himself in this specific episode really resonated with me even though I'm much more useless than he is""
  },
  {
    ""username"": ""tbo1992"",
    ""comment"": ""I kinda agree with what you‚Äôre saying, maybe his sword fighting skills would‚Äôve been better emphasized if it weren‚Äôt a kids show. But maybe that was part of the point, he‚Äôs more than just his ability in combat. His tactical genius was very much showcased throughout the series.""
  },
  {
    ""username"": ""HumanBeing0"",
    ""comment"": ""With maxed out intelligence""
  },
  {
    ""username"": ""HumanBeing0"",
    ""comment"": ""The thing with normal types, though, is that they have no strengths, but they do have some weaknesses (fighting types and their moves can't hit ghost types). All in all I wouldn't say normal types are all that great in Pok√©mon.""
  },
  {
    ""username"": ""HumanBeing0"",
    ""comment"": ""True. But it made me so happy that there was an episode about it at all that I won't even complain about that""
  },
  {
    ""username"": ""HumanBeing0"",
    ""comment"": ""I didn't know that, that's some cool trivia!""
  },
  {
    ""username"": ""HumanBeing0"",
    ""comment"": ""I don't think he gets it back (but not sure), which I thought was pretty disappointing too.""
  },
  {
    ""username"": ""HumanBeing0"",
    ""comment"": ""I'm so happy for you that you were able to make your dreams come true, that's amazing man!""
  },
  {
    ""username"": ""HumanBeing0"",
    ""comment"": ""I'm trying man. I spent all of yesterday figuring out what I want to study at university next year and how to get into that study. The thing is, it's hard to become exceptional in any way when you're not naturally talented at anything. But I'm trying to get to a point where I'm at the very least skilled in the field I'll choose, and where I can feel satisfied about my job and my life in general. But thanks for the encouragement, it's much appreciated! :)""
  },
  {
    ""username"": ""HumanBeing0"",
    ""comment"": ""Sorry if this is overdone, I guess I didn't notice that""
  },
  {
    ""username"": ""rasterbated"",
    ""comment"": ""Even the least remarkable of us can provide the invaluable love a friend needs. We are all capable of greater feats than our daily life leads us to believe.""
  },
  {
    ""username"": ""wp07"",
    ""comment"": ""Well you're obviously good at making relatable and wholesome posts on reddit. It's obviously not much but I've spoken under 50 words to you and I can already see one thing you're good at""
  },
  {
    ""username"": ""wp07"",
    ""comment"": ""Avatar handles character insecurities well and does a great job of reinforcing positive behaviors and treatment of others""
  },
  {
    ""username"": ""rasterbated"",
    ""comment"": ""That‚Äôs what I was gonna bring up! I just watched the episode, and I love how Sokka spends the whole time trying to convince people that they‚Äôre being irrational. I saw a lot of myself in that :)""
  },
  {
    ""username"": ""rasterbated"",
    ""comment"": ""I‚Äôve often imagined that ‚Äúsensible‚Äù type as a kind of ‚ÄúGreen‚Äù Oni: separate from Red and Blue, and enabling them to express the full range of colors together.""
  },
  {
    ""username"": ""snarkisms"",
    ""comment"": ""Absolutely. Because the White Lotus transcends borders and petty conflicts""
  },
  {
    ""username"": ""[deleted]"",
    ""comment"": ""You do have a point""
  },
  {
    ""username"": ""WhoHasAngerIssues"",
    ""comment"": ""\\*cough\\* bending \\*cough\\* yeah I agree with u but i don‚Äôt like how it focused on him being ‚Äúregular‚Äù sure he has no bending abilities, and is always surrounded by benders, but still.""
  },
  {
    ""username"": ""HumanBeing0"",
    ""comment"": ""I'm so happy to see another person on here who has siege of the north as their favorite season finale! The whole thing looked more epic and more magical than crossroads of destiny and even sozin's coment imo""
  },
  {
    ""username"": ""FlorianoAguirre"",
    ""comment"": ""No worries, I was trying to be humorous as Sokka is still 99% of the Gaang.""
  },
  {
    ""username"": ""WhoHasAngerIssues"",
    ""comment"": ""What i don‚Äôt get is that it took 3 seasons for him to now speak of it""
  },
  {
    ""username"": ""[deleted]"",
    ""comment"": ""The type being good is different from the pokemon being good. Normal in a vacuum isn't amazing offensively, true. Ground/electric is a pretty fantastic typing. So is ground/Ice. That doesn't make Stunfisk or Piloswine good, though because their stats are garbage.\n\nThere's a ton of normal types that are super strong because they have ok defense, reliable offense, and great stats""
  },
  {
    ""username"": ""starcraft_al"",
    ""comment"": ""It was a great scene, I had a similar relatable experience that nearly made me cry with this scene https://youtu.be/8aun6nZqcAo""
  },
  {
    ""username"": ""Melbourne_Australia"",
    ""comment"": ""I always wanted to learn how to play guitar, but I always thought I couldn‚Äôt do it because its too hard. A year ago I finally picked up a guitar and jts not nearly as hard as I thought. \n\nI‚Äôm sure you will find your passion one day, don‚Äôt be afraid to try things out!""
  },
  {
    ""username"": ""the_beast_intha_east"",
    ""comment"": ""I‚Äôm pulling this sub‚Äôs and your leg. It‚Äôs no big deal lol.""
  },
  {
    ""username"": ""HumanBeing0"",
    ""comment"": ""Thanks for the kind words man. You and all the others in this thread have managed to make me feel like I, too, will find something to be passionate about :)""
  },
  {
    ""username"": ""HumanBeing0"",
    ""comment"": ""Yeah that was such a mood too! I'm secretly happy that my family can't come over for Christmas this year due to covid, because I just know I'd spend the whole day trying to talk them out of the notion the virus doesn't exist.""
  },
  {
    ""username"": ""HumanBeing0"",
    ""comment"": ""Yeah that whole group was badass. I loved when they took back Ba Sing Se in the season finale, such a cool scene.""
  },
  {
    ""username"": ""HumanBeing0"",
    ""comment"": ""Yeah I know it's called bending lol I was trying to make a more general point if that makes sense. And the truth is that even if you're extraordinary, if you're surrounded by even more extraordinary people, you end up seeming (and probably feeling) normal""
  },
  {
    ""username"": ""WhoHasAngerIssues"",
    ""comment"": ""Yeah and it‚Äôs when Zhao dies, and another reason why it‚Äôs my favorite they show zhao in Lok (not saying I like Zhoa as a character but it was nice seeing him in LoK) and I forgot to put nightmare/daydreams""
  },
  {
    ""username"": ""HumanBeing0"",
    ""comment"": ""True. On the other hand that kind of thing happens where you bottle up your feeling about something until you can't anymore and you spill your guts.""
  },
  {
    ""username"": ""HumanBeing0"",
    ""comment"": ""That's a great point, but the type as a whole is not the first I'd think of using in battle""
  },
  {
    ""username"": ""HumanBeing0"",
    ""comment"": ""That's a really inspiring message, I love music but am not good musically myself. I was the kid that was given two sticks to beat together instead of a real instrument during music lessons in school. But now that you said this I think I may try my hands at music after all once I have the time and resources to dedicate myself to it.""
  },
  {
    ""username"": ""ROotT"",
    ""comment"": ""Judging by your previous post, you're also exceptional at making really good and true friends.""
  },
  {
    ""username"": ""wp07"",
    ""comment"": ""I hope you do friend:)""
  },
  {
    ""username"": ""rasterbated"",
    ""comment"": ""I can‚Äôt blame you for wanting to avoid that conversation! I think I‚Äôd be seeing red inside a minute.""
  },
  {
    ""username"": ""ObsessionObsessor"",
    ""comment"": ""Anti-Maskers after getting Covid: \n\n\""We've tried nothing and we're all out of ideas!\""""
  },
  {
    ""username"": ""snarkisms"",
    ""comment"": ""Right? That scene was so epic. Emotionally it hit me at top five moments in the whole series""
  },
  {
    ""username"": ""WhoHasAngerIssues"",
    ""comment"": ""Must be how equalists feel (from Lok)""
  },
  {
    ""username"": ""HumanBeing0"",
    ""comment"": ""I didn't like Zhao as a person but I think he was a good character for the few episodes he appeared in. In \""the deserter\"" it was revealed that he was only interested in the destructive properties of firebending and that he had no self control. These things led to his defeat in that episode, and his eventual downfall (because he killed the moon spirit and was then dragged to the spirit world by the fusion of Aang and the ocean spirit).""
  },
  {
    ""username"": ""[deleted]"",
    ""comment"": ""No problem! I'd recommend it, if you're playing any of the games right now. I also used to not care for the type until I gave Bouffalant a shot in a nuzlocke""
  },
  {
    ""username"": ""HumanBeing0"",
    ""comment"": ""Not sure what post you mean actually, this is my first post on this sub iirc\n\nEdit: oh wait nvm you meant the comment, sorry""
  },
  {
    ""username"": ""ali94127"",
    ""comment"": ""Can your science explain viruses?""
  },
  {
    ""username"": ""HumanBeing0"",
    ""comment"": ""When I watched season 1 of LOK I actually felt uncomfortable about the equalists because I figured if I lived in that world I would probably have joined them.""
  },
  {
    ""username"": ""ROotT"",
    ""comment"": ""Yea, I meant comment, sorry. I'm going to blame the sleep deprivation from the baby.""
  },
  {
    ""username"": ""ObsessionObsessor"",
    ""comment"": ""Yes! Yes it can!""
  },
  {
    ""username"": ""WhoHasAngerIssues"",
    ""comment"": ""Same, AND YES I SPELLED IT RIGHT (I thought I spelled equalists wrong) anyway, yeah me too, but I if i was in atla I would be scared being a firbender (I looked up what zodiacs would be if they where benders and Leo‚Äòs are firebnders apperenty, and I can‚Äôt spell) bc yk fire nation started the war?""
  },
  {
    ""username"": ""HumanBeing0"",
    ""comment"": ""Congratulations on becoming a parent!""
  },
  {
    ""username"": ""HumanBeing0"",
    ""comment"": ""Well tbf not all firebenders were bad in ATLA, it was mostly just the fire nation royal family and some higher ranking army guys""
  },
  {
    ""username"": ""WhoHasAngerIssues"",
    ""comment"": ""Oh yeah, Jong Jong, actually nvm he was good bc he was in the white lotus""
  },
  {
    ""username"": ""HumanBeing0"",
    ""comment"": ""Jeong Jeong is a good example of course, but I feel like many fire nation citizens also suffered under the fire lord's tyrannical rule. Like that village in \""the painted like\"".""
  }
]"
